{
    "1698163614": {
        "scale": 10,
        "display": 2,
        "srange": true,
        "sprite": 77,
        "colour": 3,
        "name": "Legion Square",
        "coords": {
            "x": 193.3798828125,
            "y": -929.390380859375,
            "z": 29.63123512268066
        }
    }
}